pair,total_predictions,fraction_predicted,rolling_accuracy,mae,avg_confidence_correct,correlation
XRP/USDT:USDT,720,0.13737836290784203,0.5,0.559229833333178,0.6076143018150189,0.18317217561701793
SOL/USDT:USDT,720,0.13737836290784203,0.7,0.3453848406379133,0.8375893784305745,0.22710843825695953
LINK/USDT:USDT,720,0.13737836290784203,0.78,0.2785292384840982,0.5398107282885044,0.17904691898728373
ADA/USDT:USDT,720,0.13737836290784203,0.36,1.007438362787737,0.865758854239529,0.057466709129574405
AVAX/USDT:USDT,720,0.13737836290784203,0.7,0.36889439309202726,0.6077237488772405,0.2543420567511019
BNB/USDT:USDT,720,0.13737836290784203,0.7,0.44516846549238376,0.5165417749819516,0.18295917359979982
DOT/USDT:USDT,720,0.13737836290784203,0.62,0.49266194331486085,0.38191880256450467,0.1980752010897502
